source_id,source_row_number,expected_queue,expected_reason
list_a,1,CAMPAIGN_READY,eligible_verified_record
list_a,2,CAMPAIGN_READY,eligible_verified_record
list_a,3,CAMPAIGN_READY,eligible_verified_record
list_a,4,HUMAN_REVIEW_REQUIRED,unknown_number_type
list_a,5,HUMAN_REVIEW_REQUIRED,consent_missing
list_a,6,HUMAN_REVIEW_REQUIRED,stale_low_confidence_record
list_a,7,HUMAN_REVIEW_REQUIRED,source_permission_unknown
list_a,8,DO_NOT_CONTACT,active_phone_suppression
list_a,9,DO_NOT_CONTACT,invalid_phone
list_a,10,HUMAN_REVIEW_REQUIRED,jurisdiction_or_timezone_missing
list_b,1,CAMPAIGN_READY,eligible_verified_record
list_b,2,DO_NOT_CONTACT,duplicate_conflict_same_phone_different_contact
